{
	"credit": "by GustavoLank8653 | Made with Blockbench",
	"textures": {
		"0": "alien_force/diamondhead"
	},
	"elements": [
		{
			"from": [6.25, -1.10766, 8.44243],
			"to": [9.75, 2.89234, 11.94243],
			"rotation": {"angle": 0, "axis": "x", "origin": [8.01334, 0.75982, 8.20225]},
			"faces": {
				"north": {"uv": [2.25, 1.75, 1.5, 2.75], "rotation": 180, "texture": "#0"},
				"east": {"uv": [2.25, 1.75, 1.5, 2.75], "rotation": 180, "texture": "#0"},
				"south": {"uv": [2.25, 1.75, 1.5, 2.75], "rotation": 180, "texture": "#0"},
				"west": {"uv": [2.25, 1.75, 1.5, 2.75], "rotation": 180, "texture": "#0"},
				"up": {"uv": [2.25, 1.75, 1.5, 2.75], "rotation": 180, "texture": "#0"},
				"down": {"uv": [2.25, 1.75, 1.5, 2.75], "rotation": 180, "texture": "#0"}
			}
		},
		{
			"from": [6.75, -0.60766, 5.94243],
			"to": [9.25, 2.39234, 8.44243],
			"rotation": {"angle": 0, "axis": "x", "origin": [8.01334, 0.75982, 8.20225]},
			"faces": {
				"north": {"uv": [2.25, 1.75, 1.5, 2.75], "rotation": 180, "texture": "#0"},
				"east": {"uv": [2.25, 1.75, 1.5, 2.75], "rotation": 180, "texture": "#0"},
				"south": {"uv": [2.25, 1.75, 1.5, 2.75], "rotation": 180, "texture": "#0"},
				"west": {"uv": [2.25, 1.75, 1.5, 2.75], "rotation": 180, "texture": "#0"},
				"up": {"uv": [2.25, 1.75, 1.5, 2.75], "rotation": 180, "texture": "#0"},
				"down": {"uv": [2.25, 1.75, 1.5, 2.75], "rotation": 180, "texture": "#0"}
			}
		},
		{
			"from": [2.75, -10.10766, 5.44243],
			"to": [13.25, 7.89234, 5.94243],
			"rotation": {"angle": 0, "axis": "x", "origin": [8.01334, 0.75982, 10.20225]},
			"faces": {
				"north": {"uv": [2.25, 1.75, 1.5, 2.75], "rotation": 180, "texture": "#0"},
				"east": {"uv": [2.25, 1.75, 1.5, 2.75], "rotation": 180, "texture": "#0"},
				"south": {"uv": [2.25, 1.75, 1.5, 2.75], "rotation": 180, "texture": "#0"},
				"west": {"uv": [2.25, 1.75, 1.5, 2.75], "rotation": 180, "texture": "#0"},
				"up": {"uv": [2.25, 1.75, 1.5, 2.75], "rotation": 180, "texture": "#0"},
				"down": {"uv": [2.25, 1.75, 1.5, 2.75], "rotation": 180, "texture": "#0"}
			}
		},
		{
			"from": [6.25, -1.10649, 11.81626],
			"to": [9.75, 1.01851, 13.81626],
			"rotation": {"angle": 0, "axis": "x", "origin": [8.01334, 0.75982, 8.20225]},
			"faces": {
				"north": {"uv": [2.25, 1.75, 1.5, 2.75], "rotation": 180, "texture": "#0"},
				"east": {"uv": [2.25, 1.75, 1.5, 2.75], "rotation": 180, "texture": "#0"},
				"south": {"uv": [2.25, 1.75, 1.5, 2.75], "rotation": 180, "texture": "#0"},
				"west": {"uv": [2.25, 1.75, 1.5, 2.75], "rotation": 180, "texture": "#0"},
				"up": {"uv": [2.25, 1.75, 1.5, 2.75], "rotation": 180, "texture": "#0"},
				"down": {"uv": [2.25, 1.75, 1.5, 2.75], "rotation": 180, "texture": "#0"}
			}
		},
		{
			"from": [6.25, 1.91244, 9.33903],
			"to": [9.75, 4.91244, 11.98903],
			"rotation": {"angle": 45, "axis": "x", "origin": [8.01334, 0.75982, 8.20225]},
			"faces": {
				"north": {"uv": [2.25, 1.75, 1.5, 2.75], "texture": "#0"},
				"east": {"uv": [2.25, 1.75, 1.5, 2.75], "texture": "#0"},
				"south": {"uv": [2.25, 1.75, 1.5, 2.75], "texture": "#0"},
				"west": {"uv": [2.25, 1.75, 1.5, 2.75], "texture": "#0"},
				"up": {"uv": [2.25, 1.75, 1.5, 2.75], "texture": "#0"},
				"down": {"uv": [2.25, 1.75, 1.5, 2.75], "texture": "#0"}
			}
		}
	],
	"display": {
		"thirdperson_righthand": {
			"rotation": [40, 83, 0],
			"translation": [0, 1.25, 1.75],
			"scale": [0, 0, 0]
		},
		"thirdperson_lefthand": {
			"rotation": [0, 0, -90],
			"translation": [2.5, -2, 4.5],
			"scale": [0, 0, 0]
		},
		"firstperson_righthand": {
			"rotation": [0, 0, -5],
			"translation": [8.5, 4.5, -3.5],
			"scale": [1.44, 1.44, 1.44]
		},
		"firstperson_lefthand": {
			"rotation": [0, 0, -5],
			"translation": [8.5, 4.5, -3.5],
			"scale": [1.44, 1.44, 1.44]
		},
		"ground": {
			"translation": [0, 1, 0],
			"scale": [0.61, 0.61, 0.61]
		},
		"gui": {
			"rotation": [34, 141, 0],
			"translation": [0, 5.75, 0],
			"scale": [0.7, 0.7, 0.7]
		},
		"head": {
			"translation": [0, -25.5, 0],
			"scale": [2.3, 2.3, 2.3]
		},
		"fixed": {
			"translation": [0, -4.25, 0]
		}
	}
}